Project Name,Policy ID,Evaluation
infracost/infracost,POL15,CHECKOV
deckgo/deckdeckgo,POL46,NONE
deckgo/deckdeckgo,POL93,NONE
terraform-compliance/cli,POL11,NONE
terraform-compliance/cli,POL17,NONE
terraform-compliance/cli,POL32,NONE
terraform-compliance/cli,POL46,BOTH
terraform-compliance/cli,POL48,TFSEC
terraform-compliance/cli,POL58,BOTH
terraform-compliance/cli,POL90,NONE
philips-labs/terraform-aws-github-runner,POL46,BOTH
philips-labs/terraform-aws-github-runner,POL93,NONE
nozaq/terraform-aws-secure-baseline,POL70,BOTH
nozaq/terraform-aws-secure-baseline,POL71,BOTH
nozaq/terraform-aws-secure-baseline,POL81,BOTH
ine-labs/AWSGoat,POL16,NONE
ine-labs/AWSGoat,POL28,TFSEC
ine-labs/AWSGoat,POL58,NONE
ine-labs/AWSGoat,POL93,NONE
ine-labs/AWSGoat,POL107,NONE
ine-labs/AWSGoat,POL111,TFSEC
maddevsio/aws-eks-base,POL93,BOTH
controlplaneio/simulator,POL93,NONE
defenseunicorns/zarf,POL93,NONE
shellphish/ictf-framework,POL90,NONE
aws-ia/terraform-aws-control_tower_account_factory,POL46,BOTH
aws-ia/terraform-aws-control_tower_account_factory,POL70,BOTH
aws-ia/terraform-aws-control_tower_account_factory,POL71,CHECKOV
aws-ia/terraform-aws-control_tower_account_factory,POL93,BOTH
aws/aws-xray-sdk-python,POL93,BOTH
asteris-llc/converge,POL93,NONE
compiler-explorer/infra,POL35,NONE
compiler-explorer/infra,POL46,NONE
compiler-explorer/infra,POL58,NONE
compiler-explorer/infra,POL81,NONE
compiler-explorer/infra,POL93,NONE
avantoss/vault-infra,POL93,NONE
ts-rest/ts-rest,POL93,NONE
inspec/inspec-aws,POL13,NONE
inspec/inspec-aws,POL16,NONE
inspec/inspec-aws,POL28,TFSEC
inspec/inspec-aws,POL41,NONE
inspec/inspec-aws,POL58,NONE
inspec/inspec-aws,POL64,BOTH
inspec/inspec-aws,POL69,NONE
inspec/inspec-aws,POL90,NONE
inspec/inspec-aws,POL107,NONE
inspec/inspec-aws,POL111,TFSEC
zenml-io/mlops-stacks,POL90,NONE
zenml-io/mlops-stacks,POL93,NONE
anttiviljami/wordpress-heroku-docker-project,POL93,NONE
turbot/steampipe-plugin-aws,POL09,NONE
turbot/steampipe-plugin-aws,POL11,NONE
turbot/steampipe-plugin-aws,POL13,NONE
turbot/steampipe-plugin-aws,POL15,CHECKOV
turbot/steampipe-plugin-aws,POL16,NONE
turbot/steampipe-plugin-aws,POL17,NONE
turbot/steampipe-plugin-aws,POL28,TFSEC
turbot/steampipe-plugin-aws,POL41,NONE
turbot/steampipe-plugin-aws,POL46,NONE
turbot/steampipe-plugin-aws,POL48,TFSEC
turbot/steampipe-plugin-aws,POL57,NONE
turbot/steampipe-plugin-aws,POL58,NONE
turbot/steampipe-plugin-aws,POL64,NONE
turbot/steampipe-plugin-aws,POL69,NONE
turbot/steampipe-plugin-aws,POL70,NONE
turbot/steampipe-plugin-aws,POL71,TFSEC
turbot/steampipe-plugin-aws,POL81,NONE
turbot/steampipe-plugin-aws,POL90,NONE
turbot/steampipe-plugin-aws,POL93,NONE
turbot/steampipe-plugin-aws,POL107,NONE
turbot/steampipe-plugin-aws,POL111,TFSEC
databricks/delta-live-tables-notebooks,POL93,NONE
aws-samples/terraform-eks-code,POL58,NONE
aws-samples/terraform-eks-code,POL90,NONE
rust-lang/simpleinfra,POL35,NONE
rust-lang/simpleinfra,POL90,NONE
alphagov/govuk-infrastructure,POL35,NONE
alphagov/govuk-infrastructure,POL58,NONE
alphagov/govuk-infrastructure,POL64,NONE
alphagov/govuk-infrastructure,POL70,NONE
alphagov/govuk-infrastructure,POL71,TFSEC
alphagov/govuk-infrastructure,POL93,NONE
segment-boneyard/s3-dynamo-lambda,POL58,NONE
segment-boneyard/s3-dynamo-lambda,POL93,NONE
denoland/deno_registry2,POL46,NONE
denoland/deno_registry2,POL70,NONE
denoland/deno_registry2,POL71,TFSEC
denoland/deno_registry2,POL90,NONE
denoland/deno_registry2,POL93,NONE
cerbo/aws-waf-security-automation,POL93,NONE
euan-forrester/save-file-converter,POL70,NONE
euan-forrester/save-file-converter,POL71,TFSEC
openfun/marsha,POL93,NONE
tapglue/snaas,POL16,NONE
tapglue/snaas,POL28,TFSEC
tapglue/snaas,POL46,NONE
tapglue/snaas,POL70,NONE
tapglue/snaas,POL71,TFSEC
tapglue/snaas,POL93,NONE
tapglue/snaas,POL107,NONE
tapglue/snaas,POL111,TFSEC
cloud-gov/cg-provision,POL81,NONE
csanquer/gitlab-setup,POL16,NONE
csanquer/gitlab-setup,POL28,TFSEC
csanquer/gitlab-setup,POL35,NONE
csanquer/gitlab-setup,POL93,NONE
csanquer/gitlab-setup,POL107,NONE
csanquer/gitlab-setup,POL111,TFSEC
slalompdx/terraform-aws-codecommit-cicd,POL93,NONE
lingrino/infra-personal,POL93,BOTH
berislavlopac/plambdapi,POL93,NONE
chef-boneyard/inspec-aws-old,POL46,NONE
chef-boneyard/inspec-aws-old,POL70,NONE
chef-boneyard/inspec-aws-old,POL71,TFSEC
chef-boneyard/inspec-aws-old,POL93,NONE
mattermost/mattermost-cloud-monitoring,POL16,NONE
mattermost/mattermost-cloud-monitoring,POL28,TFSEC
mattermost/mattermost-cloud-monitoring,POL41,NONE
mattermost/mattermost-cloud-monitoring,POL46,NONE
mattermost/mattermost-cloud-monitoring,POL70,NONE
mattermost/mattermost-cloud-monitoring,POL71,TFSEC
mattermost/mattermost-cloud-monitoring,POL107,NONE
mattermost/mattermost-cloud-monitoring,POL111,TFSEC
basecamp/dumpsterfire-2020,POL46,NONE
basecamp/dumpsterfire-2020,POL70,NONE
basecamp/dumpsterfire-2020,POL71,TFSEC
gerhalt/mining-camp,POL16,NONE
gerhalt/mining-camp,POL28,TFSEC
gerhalt/mining-camp,POL93,NONE
gerhalt/mining-camp,POL107,NONE
gerhalt/mining-camp,POL111,TFSEC
pivotal/paving,POL93,NONE
assareh/tfc-agent,POL93,NONE
johnbedeir/Devops-Tools-Documentation,POL93,NONE
dcaribou/transfermarkt-datasets,POL93,NONE
somleng/somleng,POL16,NONE
somleng/somleng,POL28,TFSEC
somleng/somleng,POL46,NONE
somleng/somleng,POL93,NONE
somleng/somleng,POL107,NONE
somleng/somleng,POL111,TFSEC
arehmandev/Terraform-etcd,POL16,NONE
arehmandev/Terraform-etcd,POL28,TFSEC
arehmandev/Terraform-etcd,POL93,NONE
arehmandev/Terraform-etcd,POL107,NONE
arehmandev/Terraform-etcd,POL111,TFSEC
riferrei/pacman-with-elasticsearch,POL93,NONE
uzochukwueddie/react-cinema-app,POL93,NONE
open-apparel-registry/open-apparel-registry,POL70,NONE
open-apparel-registry/open-apparel-registry,POL71,TFSEC
mdb/terraform-example,POL93,NONE
knakayama/aws-terraform-playground,POL16,NONE
knakayama/aws-terraform-playground,POL28,TFSEC
knakayama/aws-terraform-playground,POL58,NONE
knakayama/aws-terraform-playground,POL69,NONE
knakayama/aws-terraform-playground,POL81,NONE
knakayama/aws-terraform-playground,POL93,NONE
knakayama/aws-terraform-playground,POL107,NONE
knakayama/aws-terraform-playground,POL111,TFSEC
devopsloft/devopsloft,POL93,NONE
AztecProtocol/Setup,POL93,NONE
uktrade/data-workspace,POL11,BOTH
uktrade/data-workspace,POL15,CHECKOV
uktrade/data-workspace,POL17,BOTH
uktrade/data-workspace,POL32,NONE
uktrade/data-workspace,POL35,BOTH
uktrade/data-workspace,POL41,BOTH
uktrade/data-workspace,POL90,NONE
futurice/symptomradar,POL58,NONE
futurice/symptomradar,POL93,NONE
Artemmkin/codedeploy-terraform,POL93,NONE
snyk/policy-engine,POL81,NONE
cednore/trilium,POL93,BOTH
azavea/isprs-potsdam-viz,POL93,NONE
f5devcentral/f5-k8s-demo,POL93,NONE
aws-samples/amazon-guardduty-for-aws-organizations-with-terraform,POL93,BOTH
tkellen/infrastructure,POL93,NONE
JeanMertz/terraform-dcos,POL16,NONE
JeanMertz/terraform-dcos,POL28,TFSEC
JeanMertz/terraform-dcos,POL93,NONE
JeanMertz/terraform-dcos,POL107,NONE
JeanMertz/terraform-dcos,POL111,TFSEC
somleng/somleng-switch,POL35,BOTH
somleng/somleng-switch,POL46,NONE
somleng/somleng-switch,POL90,NONE
somleng/somleng-switch,POL93,BOTH
ris-tlp/audiophile-e2e-pipeline,POL13,NONE
ris-tlp/audiophile-e2e-pipeline,POL93,NONE
PaloAltoNetworks/terraform-aws-vmseries-modules,POL93,NONE
xuwang/terraform-hugo-lambda,POL93,NONE
spkane/todo-for-terraform,POL93,NONE
chgasparoto/youtube-cleber-gasparoto,POL93,NONE
jakeasarus/terraform,POL11,NONE
jakeasarus/terraform,POL15,NONE
jakeasarus/terraform,POL17,NONE
ministryofjustice/modernisation-platform-environments,POL11,BOTH
ministryofjustice/modernisation-platform-environments,POL17,BOTH
ministryofjustice/modernisation-platform-environments,POL69,BOTH
ministryofjustice/modernisation-platform-environments,POL93,BOTH
primait/nuvola,POL93,NONE
cloudstruct/rocketpool-deploy,POL11,BOTH
cloudstruct/rocketpool-deploy,POL17,BOTH
cloudstruct/rocketpool-deploy,POL58,NONE
cloudstruct/rocketpool-deploy,POL93,BOTH
cds-snc/forms-terraform,POL46,BOTH
cds-snc/forms-terraform,POL58,BOTH
cds-snc/forms-terraform,POL64,NONE
cds-snc/forms-terraform,POL70,BOTH
cds-snc/forms-terraform,POL71,BOTH
cds-snc/forms-terraform,POL90,NONE
cds-snc/forms-terraform,POL93,BOTH
arehmandev/Terraform-ASGIP,POL93,NONE
chuyskywalker/aws-lambda-github-webhook,POL93,NONE
tealtail/wildryde-terraform-serverless,POL93,NONE
robertdebock/terraform-aws-vault,POL93,NONE
privacysandbox/fledge-key-value-service,POL70,NONE
privacysandbox/fledge-key-value-service,POL71,TFSEC
privacysandbox/fledge-key-value-service,POL93,BOTH
vishipayyallore/speaker-series-2022,POL58,NONE
vishipayyallore/speaker-series-2022,POL93,NONE
clojars/infrastructure,POL16,NONE
clojars/infrastructure,POL28,TFSEC
clojars/infrastructure,POL58,NONE
clojars/infrastructure,POL93,NONE
clojars/infrastructure,POL107,NONE
clojars/infrastructure,POL111,TFSEC
kjagiello/terraform-aws-codepipeline-slack-notifications,POL70,NONE
kjagiello/terraform-aws-codepipeline-slack-notifications,POL71,TFSEC
zeroabsolute/Terraform-AWS-ECS,POL16,NONE
zeroabsolute/Terraform-AWS-ECS,POL28,TFSEC
zeroabsolute/Terraform-AWS-ECS,POL90,NONE
zeroabsolute/Terraform-AWS-ECS,POL93,NONE
zeroabsolute/Terraform-AWS-ECS,POL107,NONE
zeroabsolute/Terraform-AWS-ECS,POL111,TFSEC
cloudsoft/aws-cfn-connector-for-terraform,POL93,NONE
hands-on-cloud/aws-codepipeline-terraform-cicd-pipeline,POL58,NONE
hands-on-cloud/aws-codepipeline-terraform-cicd-pipeline,POL93,BOTH
raavula/devops,POL16,NONE
raavula/devops,POL28,TFSEC
raavula/devops,POL107,NONE
raavula/devops,POL111,TFSEC
projecthorus/sondehub-infra,POL35,NONE
projecthorus/sondehub-infra,POL41,BOTH
projecthorus/sondehub-infra,POL46,NONE
projecthorus/sondehub-infra,POL70,NONE
projecthorus/sondehub-infra,POL71,TFSEC
projecthorus/sondehub-infra,POL90,NONE
projecthorus/sondehub-infra,POL93,NONE
mingfang/terraform-kubernetes,POL58,NONE
mingfang/terraform-kubernetes,POL93,BOTH
boldare/terraform-modules,POL90,NONE
asquarezone/TerraformZone,POL15,CHECKOV
asquarezone/TerraformZone,POL93,NONE
gravitational/teleport-cluster-terraform,POL16,BOTH
gravitational/teleport-cluster-terraform,POL28,BOTH
gravitational/teleport-cluster-terraform,POL93,BOTH
gravitational/teleport-cluster-terraform,POL107,BOTH
gravitational/teleport-cluster-terraform,POL111,BOTH
rezen/zap-lambda,POL90,NONE
rezen/zap-lambda,POL93,NONE
alphagov/tech-ops,POL81,NONE
ajaen4/terraform-databricks-aws,POL93,BOTH
cicdenv/cicdenv,POL58,NONE
cicdenv/cicdenv,POL81,BOTH
cloudposse/terraform-aws-kops-state-backend,POL93,BOTH
LeoneGarage/terraform,POL93,NONE
aws-samples/aws-cicd-patch-management-terraform,POL70,NONE
aws-samples/aws-cicd-patch-management-terraform,POL71,TFSEC
aws-samples/aws-cicd-patch-management-terraform,POL93,BOTH
galexrt/elasticsearch-operator,POL93,NONE
slalom-london/k8s-tutorial,POL93,BOTH
szwojtkowski/aws-step-functions-terraform,POL93,NONE
nexthink-oss/terraform-aws-cloudtrail-s3-to-kinesis,POL69,BOTH
nexthink-oss/terraform-aws-cloudtrail-s3-to-kinesis,POL70,BOTH
nexthink-oss/terraform-aws-cloudtrail-s3-to-kinesis,POL71,BOTH
NHSDigital/spine-core-aws-common,POL81,BOTH
NHSDigital/spine-core-aws-common,POL93,BOTH
stellar/java-stellar-anchor-sdk,POL46,NONE
stellar/java-stellar-anchor-sdk,POL90,NONE
stellar/java-stellar-anchor-sdk,POL93,NONE
dvargas92495/roamjs-static-site,POL58,NONE
dvargas92495/roamjs-static-site,POL70,NONE
dvargas92495/roamjs-static-site,POL71,TFSEC
dvargas92495/roamjs-static-site,POL93,NONE
aws-samples/aws-waf-automation-terraform-samples,POL93,BOTH
alphagov/verify-infrastructure,POL11,BOTH
alphagov/verify-infrastructure,POL15,CHECKOV
alphagov/verify-infrastructure,POL17,BOTH
alphagov/verify-infrastructure,POL64,BOTH
alphagov/verify-infrastructure,POL70,NONE
alphagov/verify-infrastructure,POL71,TFSEC
alphagov/verify-infrastructure,POL90,NONE
terrarium-tf/cli,POL58,NONE
cds-snc/notification-terraform,POL46,BOTH
cds-snc/notification-terraform,POL90,NONE
cds-snc/notification-terraform,POL93,BOTH
marjakapyaho/nightbear,POL11,NONE
marjakapyaho/nightbear,POL17,NONE
marjakapyaho/nightbear,POL58,NONE
marjakapyaho/nightbear,POL93,NONE
rabbitmq/rabbitmq-ct-helpers,POL16,NONE
rabbitmq/rabbitmq-ct-helpers,POL28,TFSEC
rabbitmq/rabbitmq-ct-helpers,POL93,NONE
rabbitmq/rabbitmq-ct-helpers,POL107,NONE
rabbitmq/rabbitmq-ct-helpers,POL111,TFSEC
alimac/terraform-s3,POL93,NONE
umccr/infrastructure,POL58,NONE
umccr/infrastructure,POL70,NONE
umccr/infrastructure,POL71,TFSEC
umccr/infrastructure,POL90,NONE
ksatirli/terraform-aws-s3-bucket,POL93,NONE
tedilabs/terraform-aws-misc,POL46,NONE
tedilabs/terraform-aws-misc,POL93,BOTH
clamorisse/lambda_demo,POL93,NONE
hygieia-saas/hygieia-webapp,POL58,NONE
hygieia-saas/hygieia-webapp,POL93,NONE
usdigitalresponse/univaf,POL70,NONE
usdigitalresponse/univaf,POL71,TFSEC
usdigitalresponse/univaf,POL90,NONE
usdigitalresponse/univaf,POL93,NONE
davidbegin/terrafuzz,POL93,NONE
divgo/terraform,POL93,NONE
provectus/data-quality-gate,POL58,NONE
provectus/data-quality-gate,POL70,NONE
provectus/data-quality-gate,POL71,TFSEC
provectus/data-quality-gate,POL93,NONE
alphagov/govwifi-terraform,POL11,BOTH
alphagov/govwifi-terraform,POL15,CHECKOV
alphagov/govwifi-terraform,POL17,BOTH
alphagov/govwifi-terraform,POL41,NONE
alphagov/govwifi-terraform,POL70,NONE
alphagov/govwifi-terraform,POL71,TFSEC
alphagov/govwifi-terraform,POL90,NONE
jeastham1993/application-integration-patterns,POL46,NONE
jeastham1993/application-integration-patterns,POL58,NONE
jeastham1993/application-integration-patterns,POL70,NONE
jeastham1993/application-integration-patterns,POL71,TFSEC
jeastham1993/application-integration-patterns,POL93,NONE
aaomoware/terraform-modules,POL81,NONE
in4it/terraform-aws-cis-controls,POL81,BOTH
in4it/terraform-aws-cis-controls,POL93,BOTH
girder/terraform-heroku-girder4,POL93,BOTH
binbashar/terraform-aws-tfstate-backend,POL58,NONE
binbashar/terraform-aws-tfstate-backend,POL93,BOTH
saurabh-hirani/terraform-workshop,POL93,NONE
Miyurz/aws-k8s,POL16,NONE
Miyurz/aws-k8s,POL28,TFSEC
Miyurz/aws-k8s,POL93,NONE
Miyurz/aws-k8s,POL107,NONE
Miyurz/aws-k8s,POL111,TFSEC
seiji/terraform-aws-modules,POL41,NONE
seiji/terraform-aws-modules,POL58,NONE
seiji/terraform-aws-modules,POL64,NONE
seiji/terraform-aws-modules,POL70,NONE
seiji/terraform-aws-modules,POL71,TFSEC
seiji/terraform-aws-modules,POL81,BOTH
seiji/terraform-aws-modules,POL93,NONE
aws-samples/aws-codepipeline-terraform-cicd-samples,POL93,BOTH
lambdasawa/lambdasawa,POL93,NONE
mrmcc3/tf_aws_datomic,POL16,NONE
mrmcc3/tf_aws_datomic,POL28,TFSEC
mrmcc3/tf_aws_datomic,POL58,NONE
mrmcc3/tf_aws_datomic,POL93,NONE
mrmcc3/tf_aws_datomic,POL107,NONE
mrmcc3/tf_aws_datomic,POL111,TFSEC
EnigmaCurry/terraform-serverless-spa,POL93,NONE
CirclesUBI/infrastructure-provisioning,POL16,NONE
CirclesUBI/infrastructure-provisioning,POL28,TFSEC
CirclesUBI/infrastructure-provisioning,POL70,NONE
CirclesUBI/infrastructure-provisioning,POL71,TFSEC
CirclesUBI/infrastructure-provisioning,POL90,NONE
CirclesUBI/infrastructure-provisioning,POL93,NONE
CirclesUBI/infrastructure-provisioning,POL107,NONE
CirclesUBI/infrastructure-provisioning,POL111,TFSEC
suzuki-shunsuke/tfaction-getting-started,POL93,NONE
rhythmictech/terraform-aws-backend,POL58,NONE
alphagov/di-authentication-api,POL46,BOTH
alphagov/di-authentication-api,POL58,NONE
alphagov/di-authentication-api,POL64,BOTH
flypenguin/code-misc,POL58,NONE
zoitech/terraform-aws-s3-with-iam-access,POL93,NONE
BlackNightFury/modular-web-app,POL41,NONE
BlackNightFury/modular-web-app,POL93,NONE
QuiNovas/terraform-aws-config,POL70,NONE
QuiNovas/terraform-aws-config,POL71,TFSEC
QuiNovas/terraform-aws-config,POL93,NONE
maidsafe-archive/safe-build-infrastructure,POL93,NONE
udayreddy29/cicd-terraform,POL93,NONE
artichoke/project-infrastructure,POL93,BOTH
Dromadon/hallebarde,POL58,NONE
Dromadon/hallebarde,POL93,BOTH
Nakulbajaj101/mlops-zoomcamp-final-project,POL11,NONE
Nakulbajaj101/mlops-zoomcamp-final-project,POL15,NONE
Nakulbajaj101/mlops-zoomcamp-final-project,POL17,NONE
Nakulbajaj101/mlops-zoomcamp-final-project,POL93,NONE
justincampbell/terraform-aws-staticsite,POL93,NONE
podhmo/individual-sandbox,POL93,NONE
arehmandev/abs-kubelab,POL16,NONE
arehmandev/abs-kubelab,POL28,TFSEC
arehmandev/abs-kubelab,POL93,NONE
arehmandev/abs-kubelab,POL107,NONE
arehmandev/abs-kubelab,POL111,TFSEC
azavea/terraform-aws-s3-origin,POL93,NONE
ahelal/terraform-modules,POL16,NONE
ahelal/terraform-modules,POL28,TFSEC
ahelal/terraform-modules,POL93,NONE
ahelal/terraform-modules,POL107,NONE
ahelal/terraform-modules,POL111,TFSEC
azavea/spacenet-viz,POL16,NONE
azavea/spacenet-viz,POL28,TFSEC
azavea/spacenet-viz,POL107,NONE
azavea/spacenet-viz,POL111,TFSEC
afloesch/learning-terraform,POL16,NONE
afloesch/learning-terraform,POL28,TFSEC
afloesch/learning-terraform,POL93,NONE
afloesch/learning-terraform,POL107,NONE
afloesch/learning-terraform,POL111,TFSEC
alexisCata/terraform_ansible_deploy,POL93,NONE
Worklytics/psoxy,POL93,BOTH
88lexd/lexd-solutions,POL35,NONE
88lexd/lexd-solutions,POL93,NONE
sashee/cloudfront-multiple-origins,POL93,NONE
kubefirst/gitops-template,POL58,NONE
kubefirst/gitops-template,POL90,NONE
dwp/dataworks-metrics-infrastructure,POL93,BOTH
felix-lessoer/elastic-terraform-examples,POL46,NONE
felix-lessoer/elastic-terraform-examples,POL81,NONE
felix-lessoer/elastic-terraform-examples,POL93,NONE
splunk/splunkconf-backup,POL93,NONE
Terraform-GUI/terraform-gui,POL46,NONE
Terraform-GUI/terraform-gui,POL93,NONE
byu-oit/hw-fargate-api,POL58,NONE
byu-oit/hw-fargate-api,POL93,BOTH
mitre/demo-aws-hardening,POL93,NONE
nhsconnect/prm-deductions-ehr-repository,POL93,BOTH
StratusGrid/terraform-aws-terraform-state-s3-bucket-centralized-with-roles,POL58,NONE
StratusGrid/terraform-aws-terraform-state-s3-bucket-centralized-with-roles,POL93,BOTH
e-valente/cloudgoat-with-steroids,POL35,NONE
e-valente/cloudgoat-with-steroids,POL93,NONE
jellis18/e-commerce-saas,POL90,NONE
jellis18/e-commerce-saas,POL93,NONE
akerl/aws-account,POL81,NONE
akerl/aws-account,POL93,NONE
jay-jain/aws-terraform,POL16,NONE
jay-jain/aws-terraform,POL28,TFSEC
jay-jain/aws-terraform,POL90,NONE
jay-jain/aws-terraform,POL107,NONE
jay-jain/aws-terraform,POL111,TFSEC
addresscloud/terraform-aws-tile-service,POL93,BOTH
sighupio/fury-eks-installer,POL16,NONE
sighupio/fury-eks-installer,POL28,TFSEC
sighupio/fury-eks-installer,POL93,BOTH
sighupio/fury-eks-installer,POL107,NONE
sighupio/fury-eks-installer,POL111,TFSEC
bootcamp-team2022/angular-frontend,POL93,NONE
kylecrawshaw/kylecrawshaw.com,POL93,NONE
acidjazz/basal,POL16,NONE
acidjazz/basal,POL28,TFSEC
acidjazz/basal,POL93,NONE
acidjazz/basal,POL107,NONE
acidjazz/basal,POL111,TFSEC
tdooner/flynn,POL93,NONE
CityOfPhiladelphia/oddt-terraform,POL16,NONE
CityOfPhiladelphia/oddt-terraform,POL28,TFSEC
CityOfPhiladelphia/oddt-terraform,POL46,NONE
CityOfPhiladelphia/oddt-terraform,POL93,NONE
CityOfPhiladelphia/oddt-terraform,POL107,NONE
CityOfPhiladelphia/oddt-terraform,POL111,TFSEC
QuiNovas/terraform-modules,POL16,CHECKOV
QuiNovas/terraform-modules,POL28,BOTH
QuiNovas/terraform-modules,POL58,NONE
QuiNovas/terraform-modules,POL107,CHECKOV
QuiNovas/terraform-modules,POL111,BOTH
EricLondon/terraform-ecs-express,POL93,NONE
jSherz/bucket-access-button,POL93,NONE
tablexi/terraform_modules,POL64,NONE
tablexi/terraform_modules,POL81,NONE
tablexi/terraform_modules,POL93,NONE
clouduct/terraform-template,POL93,NONE
ministryofjustice/cloud-platform-concourse,POL93,BOTH
HackYourFuture/infrastructure,POL93,NONE
youngfeldt/terraform-aws-backend-s3,POL93,NONE
1ultimat3/fuzzied,POL46,NONE
1ultimat3/fuzzied,POL93,NONE
mrled/psyops,POL93,NONE
mongulu-cm/mtchoun-mouh,POL58,NONE
mongulu-cm/mtchoun-mouh,POL93,NONE
globaldatanet/hugs,POL93,NONE
aws-samples/aws-mlops-pipelines-terraform,POL93,NONE
sachajw/course-material,POL93,NONE
AgnostiqHQ/covalent-kubernetes-plugin,POL90,NONE
AgnostiqHQ/covalent-kubernetes-plugin,POL93,NONE
cds-snc/share-files-securely,POL90,NONE
SumoLogic/terraform-sumologic-sumo-logic-integrations,POL46,NONE
SumoLogic/terraform-sumologic-sumo-logic-integrations,POL70,NONE
SumoLogic/terraform-sumologic-sumo-logic-integrations,POL71,TFSEC
SumoLogic/terraform-sumologic-sumo-logic-integrations,POL81,NONE
SumoLogic/terraform-sumologic-sumo-logic-integrations,POL93,NONE
nobl9/build-on-aws-o11y-demo,POL58,NONE
nobl9/build-on-aws-o11y-demo,POL93,BOTH
paulmarsicloud/terraform-aws-openvpn-ephemeral,POL93,NONE
ministryofjustice/opg-terraform-aws-account,POL81,BOTH
ministryofjustice/opg-terraform-aws-account,POL93,BOTH
QuiNovas/terraform-aws-cloudtrail,POL70,NONE
QuiNovas/terraform-aws-cloudtrail,POL71,TFSEC
QuiNovas/terraform-aws-cloudtrail,POL81,BOTH
QuiNovas/terraform-aws-cloudtrail,POL93,NONE
aws-samples/aws-trusted-advisor-glue-aggregator-terraform,POL46,BOTH
aws-samples/aws-trusted-advisor-glue-aggregator-terraform,POL93,TFSEC
dwp/aws-analytical-env,POL58,NONE
dwp/aws-analytical-env,POL93,BOTH
eliasbrange/aws-github-actions-oidc,POL93,NONE
finboxio/rancher-aws,POL46,NONE
finboxio/rancher-aws,POL93,NONE
eana/bitwarden-tf-aws,POL11,NONE
eana/bitwarden-tf-aws,POL17,NONE
eana/bitwarden-tf-aws,POL93,BOTH
MrrRaph/wavegame-terraform,POL70,NONE
MrrRaph/wavegame-terraform,POL71,TFSEC
MrrRaph/wavegame-terraform,POL93,BOTH
Rondineli/mutirao_devops_cloudfront_demo,POL16,NONE
Rondineli/mutirao_devops_cloudfront_demo,POL28,TFSEC
Rondineli/mutirao_devops_cloudfront_demo,POL93,NONE
Rondineli/mutirao_devops_cloudfront_demo,POL107,NONE
Rondineli/mutirao_devops_cloudfront_demo,POL111,TFSEC
diavbolo/realtime-costs,POL58,NONE
diavbolo/realtime-costs,POL69,NONE
diavbolo/realtime-costs,POL70,NONE
diavbolo/realtime-costs,POL71,TFSEC
diavbolo/realtime-costs,POL81,NONE
diavbolo/realtime-costs,POL93,NONE
batestin1/Amazon-EMR,POL93,BOTH
wei-zhong90/deltalake-aws-poc-demo,POL93,BOTH
radeksimko/devheaven-cz-2018-talk-demo,POL93,NONE
QuiNovas/terraform-aws-cloudfront,POL93,BOTH
troydieter/aws-textract-comprehend,POL46,NONE
troydieter/aws-textract-comprehend,POL70,NONE
troydieter/aws-textract-comprehend,POL71,TFSEC
troydieter/aws-textract-comprehend,POL93,BOTH
MartinPaulEve/meve-iac,POL93,TFSEC
wri/gfw-iac-workshop,POL93,NONE
cullancarey/terraform-aws-static-s3-website-template,POL93,NONE
logicbomb-1/terraform-aws-cis-benchmark,POL70,BOTH
logicbomb-1/terraform-aws-cis-benchmark,POL71,CHECKOV
logicbomb-1/terraform-aws-cis-benchmark,POL81,NONE
rackspace-infrastructure-automation/aws-terraform-s3,POL93,TFSEC
yami-jabami/juuzou,POL93,BOTH
temmyzeus/spotify_airflow_batch_ingestion,POL93,NONE
BielosX/AWS-developer,POL58,NONE
BielosX/AWS-developer,POL64,NONE
BielosX/AWS-developer,POL69,NONE
BielosX/AWS-developer,POL90,NONE
BielosX/AWS-developer,POL93,NONE
mondorobot/terraform-s3,POL93,NONE
keithsjohnson/AWSServerlessFeedbackDemo,POL58,NONE
keithsjohnson/AWSServerlessFeedbackDemo,POL93,NONE
lazam/terraform-ansible,POL93,NONE
springboot-angular2-tutorial/micropost-formation,POL16,NONE
springboot-angular2-tutorial/micropost-formation,POL28,TFSEC
springboot-angular2-tutorial/micropost-formation,POL93,NONE
springboot-angular2-tutorial/micropost-formation,POL107,NONE
springboot-angular2-tutorial/micropost-formation,POL111,TFSEC
ccnmtl/tfmodules,POL93,NONE
nsbno/app-infrastructure,POL58,NONE
nsbno/app-infrastructure,POL90,NONE
nsbno/app-infrastructure,POL93,NONE
codeship-library/codeship-docker-terraform,POL58,NONE
codeship-library/codeship-docker-terraform,POL93,NONE
graymeta/terraform-aws-platform,POL16,NONE
graymeta/terraform-aws-platform,POL28,TFSEC
graymeta/terraform-aws-platform,POL46,NONE
graymeta/terraform-aws-platform,POL48,TFSEC
graymeta/terraform-aws-platform,POL70,NONE
graymeta/terraform-aws-platform,POL71,TFSEC
graymeta/terraform-aws-platform,POL93,NONE
graymeta/terraform-aws-platform,POL107,NONE
graymeta/terraform-aws-platform,POL111,TFSEC
glaucius/aws-terraform,POL93,NONE
JonathanPorta/lambda_face_recognition_example,POL93,NONE
JonathanPorta/lambda_face_recognition_prebuilt,POL93,NONE
Cimpress-MCP/terraform,POL16,NONE
Cimpress-MCP/terraform,POL28,TFSEC
Cimpress-MCP/terraform,POL93,BOTH
Cimpress-MCP/terraform,POL107,NONE
Cimpress-MCP/terraform,POL111,TFSEC
M1ke/mancjs-aws-blog,POL93,NONE
cloudposse/terraform-aws-athena,POL93,NONE
leiarenee/sf-pipeline,POL90,NONE
leiarenee/sf-pipeline,POL93,NONE
fernandomullerjr/terraform-aws,POL93,NONE
goehlemichael/terraform-podcast,POL70,NONE
goehlemichael/terraform-podcast,POL71,TFSEC
goehlemichael/terraform-podcast,POL93,NONE
seigot/tetris_score_server,POL46,NONE
seigot/tetris_score_server,POL58,NONE
seigot/tetris_score_server,POL93,NONE
SamirTalwar/monospacedmonologues.com,POL93,NONE
cloud-security-musings/terrascan-example,POL93,BOTH
hashicorp/learn-terraform-module-object-attributes,POL93,NONE
lacework/terraform-aws-eks-audit-log,POL70,BOTH
lacework/terraform-aws-eks-audit-log,POL71,BOTH
lacework/terraform-aws-eks-audit-log,POL93,BOTH
cabinetoffice/gender-pay-gap,POL93,NONE
ameerulislam/terraform,POL93,NONE
wolffberg/scaffolding-terragrunt,POL58,NONE
wolffberg/scaffolding-terragrunt,POL93,NONE
Olgoetz/terraform-aws-tfc-state-backup,POL70,BOTH
Olgoetz/terraform-aws-tfc-state-backup,POL71,CHECKOV
Olgoetz/terraform-aws-tfc-state-backup,POL93,BOTH
bcgov/myhealthBC-symptom-checker,POL93,NONE
nagelflorian/terraform-aws-s3-review-apps,POL93,BOTH
azavea/iow-boundary-tool,POL70,NONE
azavea/iow-boundary-tool,POL71,TFSEC
azavea/iow-boundary-tool,POL93,NONE
web-mev/mev-backend,POL93,NONE
JesusFilm/core,POL90,NONE
gitpod-io/gitpod,POL90,NONE
gitpod-io/gitpod,POL93,NONE
determined-ai/determined,POL93,NONE
HXSecurity/TerraformGoat,POL11,NONE
HXSecurity/TerraformGoat,POL15,CHECKOV
HXSecurity/TerraformGoat,POL17,NONE
HXSecurity/TerraformGoat,POL93,NONE
awslabs/kubeflow-manifests,POL93,NONE
wellcomecollection/wellcomecollection.org,POL46,NONE
wellcomecollection/wellcomecollection.org,POL93,NONE
bcgov/mds,POL70,NONE
bcgov/mds,POL71,TFSEC
bcgov/mds,POL93,NONE
hotosm/underpass,POL93,NONE
heldersepu/hs-scripts,POL11,NONE
heldersepu/hs-scripts,POL17,NONE
heldersepu/hs-scripts,POL93,NONE
svthalia/concrexit,POL11,NONE
svthalia/concrexit,POL15,NONE
svthalia/concrexit,POL17,NONE
svthalia/concrexit,POL93,NONE
nulib/meadow,POL46,NONE
nulib/meadow,POL93,NONE
CMSgov/cms-carts-seds,POL93,BOTH
JamesMillerBlog/wrapper.js,POL58,NONE
JamesMillerBlog/wrapper.js,POL93,NONE
0mk1/terraform-workshops,POL90,NONE
0mk1/terraform-workshops,POL93,NONE
ethanfann/avarts,POL93,NONE
0mk1/gifz-api,POL90,NONE
0mk1/gifz-api,POL93,NONE
signal-ai/terraform-aws-cloudwatch-prometheus,POL93,NONE
bcgov/workbc-main,POL35,BOTH
bcgov/workbc-main,POL93,NONE
refinery-platform/refinery-platform,POL93,NONE
ministryofjustice/opg-digideps,POL64,NONE
ministryofjustice/opg-digideps,POL70,NONE
ministryofjustice/opg-digideps,POL71,TFSEC
ministryofjustice/opg-digideps,POL93,BOTH
ministryofjustice/opg-lpa,POL32,BOTH
ministryofjustice/opg-lpa,POL46,BOTH
ministryofjustice/opg-lpa,POL64,BOTH
ministryofjustice/opg-lpa,POL71,TFSEC
entechlog/kafka-examples,POL93,NONE
leopardslab/kubebot,POL46,NONE
leopardslab/kubebot,POL93,NONE
lynnlangit/aws-for-bioinformatics,POL93,NONE
